Param Counts,Max Valid Scores,Max Test Scores
4353,1622.3620456094327,1622.3620456094327
