Epochs,Validation Scores,Validation Running Scores
0,1622.3620456094327,
0,,1622.3620456094327
